GenderAsia,GenderUsEu,PacketId,Social,NpcSpClothSet,PosterItemID,Smartphone,SmartphoneRemakeCommonPattern,SmartphoneRemakePattern,Umbrella,UniqueID,BirthMDay,BirthMonth,HavokResName,Label,NameWithTitle,NpcColor,ResName,SpecialELink,SpecialSLink,21c5bbd6 u8,e52f0037 u8,42f255d5 u8,VmPauseType,VmRhythmType
Male,Male,0,0,25,10435,65534,68,5,65534,0,26,1,,alp,0,0,NpcSpAlp,1,0,5,1,2,0,0
Female,Female,1,0,24,10772,65534,69,1,65534,1,5,7,,alw,0,1,NpcSpAlw,1,0,5,1,2,0,0
Male,Male,2,0,65534,10345,65534,57,5,65534,2,9,12,,bev,0,2,,1,0,5,1,2,0,0
Male,Male,3,0,65534,10796,65534,184,0,65534,3,20,6,,fsl,0,3,,1,0,3,1,2,0,1
Female,Female,4,0,65534,10430,65534,95,0,65534,4,8,1,,boa,0,4,,1,0,4,1,3,0,1
Female,Female,5,0,65534,10517,65534,115,1,65534,5,28,10,,bpt,0,5,,1,0,5,21,5,1,0
Male,Male,6,0,65534,10344,65534,194,6,65534,6,25,7,,chm,1,6,,1,0,2,1,2,1,2
Male,Female,7,1,65534,10481,65534,114,2,65534,7,10,11,,cml,0,7,NpcSpCml,1,0,5,1,5,1,0
Male,Male,8,0,7,10331,65534,58,3,65534,8,23,8,,tkkA,0,8,NpcSpTkk,1,1,5,4,5,0,0
Male,Male,9,3,23,10471,65534,83,5,7182,9,18,10,,fox,0,9,NpcSpFox,1,1,5,1,4,0,0
Male,Female,10,0,65534,10518,65534,180,2,65534,10,14,11,,grf,0,10,,1,0,4,1,2,0,0
Female,Female,11,3,19,10333,65534,193,4,9946,11,31,10,,hgc,0,11,NpcSpHgc,1,1,5,1,5,1,0
Female,Female,12,3,65534,10432,65534,43,0,9952,12,22,5,,hgh,0,12,NpcSpHgh,1,1,3,5,1,1,1
Female,Female,13,0,65534,10777,65534,41,2,9953,13,22,11,,hgs,0,13,NpcSpHgs,1,1,5,3,1,1,0
Female,Female,14,0,65534,10436,65534,198,6,65534,14,15,4,,kpg,0,14,,1,0,4,1,4,0,0
Female,Female,15,0,65534,10519,65534,174,1,65534,15,26,9,,kpm,0,15,,1,0,4,1,4,0,0
Male,Male,16,0,65534,10354,65534,175,1,65534,16,12,7,,kpp,0,16,,1,0,5,1,3,1,0
Female,Female,17,0,65534,10340,65534,122,2,65534,17,16,8,,kps,0,17,,1,0,4,1,4,0,0
Male,Male,18,0,65534,10339,65534,-1,3,65534,19,17,4,,mnk,1,18,,1,0,5,1,5,1,0
Male,Male,19,0,65534,10342,65534,82,6,65534,20,1,5,,mob,1,19,,1,0,4,1,2,0,0
Male,Male,20,0,65534,10313,65534,82,6,65534,21,6,4,,mol,1,20,,1,0,4,1,2,0,0
Male,Male,21,0,65534,10794,65534,-1,1,65534,22,6,6,,ott,1,21,,1,0,5,1,5,1,0
Male,Male,22,3,65534,10324,7289,-1,7,6923,23,24,9,,owl,0,22,NpcSpOwl,1,0,5,1,5,0,0
Female,Female,23,3,65534,10334,65534,8,2,65534,24,7,9,,ows,0,23,NpcSpOws,1,0,5,1,5,0,0
Male,Male,24,1,65534,10520,65534,29,4,65534,25,3,3,,pck,0,24,NpcSpPck,1,1,2,1,2,0,1
Female,Female,25,0,65534,10429,65534,4,2,65534,26,19,3,,plk,0,25,,1,0,5,1,3,0,0
Female,Female,26,0,65534,10431,65534,153,6,65534,27,21,11,,plm,0,26,,1,0,3,1,2,0,1
Male,Male,27,0,65534,10516,65534,76,3,65534,28,15,10,,pge,0,27,,1,0,5,1,4,1,0
Male,Male,28,0,65534,10335,65534,-1,3,65534,30,28,6,,dga,1,28,,1,0,3,1,3,0,2
Male,Male,29,0,65534,10780,65534,67,0,65534,31,8,3,,plo,0,29,,1,0,5,1,3,0,0
Male,Male,30,0,65534,10336,65534,-1,3,65534,32,23,4,,dgb,1,30,,1,0,4,1,4,0,0
Female,Female,31,0,65534,10787,65534,33,1,65534,33,31,1,,poo,0,31,,1,0,3,1,3,1,1
Male,Male,32,3,2,10384,6836,-1,0,9561,34,30,5,,rco,0,32,NpcSpRco,1,1,5,5,5,0,0
Male,Male,33,3,65534,10521,7290,-1,5,65534,35,25,5,,gul,0,33,NpcSpGul,1,0,3,1,3,0,1
Male,Male,34,1,65534,10785,65534,92,5,65534,36,19,7,,seo,0,34,NpcSpSeo,1,1,6,1,4,1,0
Male,Male,35,1,65534,10332,65534,99,3,65534,37,30,11,,skk,0,35,NpcSpSkk,1,1,5,1,5,1,0
Female,Female,36,3,0,10312,7320,-1,0,9951,38,20,12,,sza,0,36,NpcSpSza,1,1,5,11,5,1,0
Male,Male,37,0,65534,10792,65534,118,0,65534,39,31,12,,ttlA,0,37,,1,0,5,1,4,1,0
Male,Male,38,1,49,10781,65534,161,6,65534,40,10,10,,tuk,0,38,NpcSpTuk,1,1,5,1,3,0,0
Male,Male,39,0,65534,10341,65534,109,5,65534,41,2,1,,upa,0,39,,1,0,5,1,3,1,0
Male,Male,40,3,22,10428,65534,44,1,65534,42,1,2,,xct,0,40,NpcSpXct,0,0,5,1,4,0,0
Male,Male,41,3,65534,10433,65534,148,0,65534,43,8,8,,slo,0,41,NpcSpSlo,1,1,4,1,4,0,0
Male,Female,42,0,65534,10343,65534,120,1,65534,44,8,2,,mka,0,42,,0,0,6,1,5,0,0
Female,Female,43,1,65534,10491,65534,152,2,6915,45,29,2,,tap,0,43,NpcSpTap,1,1,5,10,5,0,0
Female,Female,44,0,65534,10337,65534,0,1,65534,46,22,10,,lom,1,44,,0,0,4,1,3,0,0
Male,Male,45,0,65534,10522,65534,178,1,65534,47,11,3,,pyn,0,45,NpcSpPyn,1,1,3,1,2,0,0
Male,Male,46,3,48,10439,65534,107,0,65534,48,24,12,,rei,0,46,NpcSpRei,1,1,5,3,5,1,0
Male,Male,47,0,65534,10438,65534,-1,1,65534,49,20,12,,szo,0,47,,1,0,4,1,4,1,0
Male,Male,48,1,65534,10434,65534,93,4,65534,50,25,2,,wrl,0,48,,1,1,6,1,4,0,0
Male,Male,49,3,6,10338,7319,-1,0,6840,51,7,6,,rct,0,49,NpcSpRcm,1,0,5,5,5,0,0
Male,Male,50,3,6,10437,7319,-1,0,6840,52,7,6,,rcm,0,49,NpcSpRcm,1,0,5,5,5,0,0
Male,Male,53,0,65534,-1,65534,163,4,65534,55,26,2,,gstA,0,52,NpcSpGstA,1,1,6,53,2,0,0
Female,Female,54,0,65534,10773,65534,-1,1,65534,56,12,9,,otg,0,53,,1,0,5,21,5,0,0
Male,Male,55,3,65534,10346,65534,129,0,65534,57,31,10,,pkn,0,54,NpcSpPkn,1,1,5,1,4,0,0
Male,Male,56,3,65534,-1,65534,101,6,65534,58,2,8,,spn,0,55,NpcSpSpn,1,0,5,1,2,1,0
Male,Male,57,3,18,-1,9559,-1,6,65534,59,7,3,,bey,0,56,NpcSpBey,1,1,3,1,2,0,1
Female,Female,58,3,65534,-1,65534,94,1,65534,61,30,3,,boc,0,57,NpcSpBoc,1,1,4,1,2,0,1
Male,Male,59,3,65534,-1,65534,-1,3,65534,62,2,10,,dod,0,58,NpcSpDod,1,1,5,1,2,0,0
Male,Male,60,1,17,-1,65534,72,3,65534,63,10,5,,chy,0,59,NpcSpChy,1,1,4,1,4,0,0
Male,Male,61,3,65534,-1,65534,163,4,65534,64,26,2,,gstB,0,60,NpcSpGstB,1,1,6,53,2,0,0
Male,Male,62,0,65534,10776,65534,58,3,65534,65,23,8,,tkkB,0,61,NpcSpTkk,1,0,5,4,5,0,0
Male,Male,63,3,15,-1,65534,-1,3,9560,66,4,7,,doc,0,62,NpcSpDod,1,1,5,1,2,0,0
Male,Male,0,3,65534,-1,7290,-1,5,65534,69,25,5,,gulB,0,114,NpcSpGulB,1,1,5,1,4,0,0
